phrase,name
I would like to install the program alphaedit,alphaedit
I would like to install the program softmerge,softmerge
I would like to install the program netflux,netflux
I would like to install the program codewave,codewave
I would like to install the program taskpilot,taskpilot
I would like to install the program datasync,datasync
I would like to install the program pixelforge,pixelforge
I would like to install the program cloudshift,cloudshift
I would like to install the program streamcore,streamcore
I would like to install the program devscope,devscope
I would like to install the program formstacker,formstacker
I would like to install the program neoncalc,neoncalc
I would like to install the program brightnote,brightnote
I would like to install the program syncshell,syncshell
I would like to install the program ultracode,ultracode
I would like to install the program tasksmith,tasksmith
I would like to install the program renderbyte,renderbyte
I would like to install the program flowmapper,flowmapper
I would like to install the program quickpanel,quickpanel
I would like to install the program datacrafter,datacrafter
I would like to install the program logiflow,logiflow
I would like to install the program netrunner,netrunner
I would like to install the program brightcalc,brightcalc
I would like to install the program syncforge,syncforge
I would like to install the program codebeam,codebeam
I would like to install the program taskgrid,taskgrid
I would like to install the program neonwriter,neonwriter
I would like to install the program cloudpanel,cloudpanel
I would like to install the program pixellink,pixellink
I would like to install the program devspark,devspark
I would like to install the program formpress,formpress
I would like to install the program ultrasync,ultrasync
I would like to install the program datashift,datashift
I would like to install the program renderflow,renderflow
I would like to install the program quickforge,quickforge
I would like to install the program neonmerge,neonmerge
I would like to install the program taskcore,taskcore
I would like to install the program codepanel,codepanel
I would like to install the program syncgrid,syncgrid
I would like to install the program cloudwriter,cloudwriter
I would like to install the program pixelcore,pixelcore
I would like to install the program devmerge,devmerge
I would like to install the program formcraft,formcraft
I would like to install the program ultraflow,ultraflow
I would like to install the program datacore,datacore
I would like to install the program rendercalc,rendercalc
I would like to install the program quickmerge,quickmerge
I would like to install the program neonpanel,neonpanel
I would like to install the program taskwriter,taskwriter
I would like to install the program codeforge,codeforge
I would like to install the program syncpanel,syncpanel
I would like to install the program cloudcalc,cloudcalc
I would like to install the program pixelwriter,pixelwriter
I would like to install the program devcore,devcore
I would like to install the program formmerge,formmerge
I would like to install the program ultrawriter,ultrawriter
I would like to install the program datamapper,datamapper
I would like to install the program rendergrid,rendergrid
I would like to install the program quickwriter,quickwriter
I would like to install the program neoncore,neoncore
I would like to install the program taskpanel,taskpanel
I would like to install the program codewriter,codewriter
I would like to install the program syncwriter,syncwriter
I would like to install the program cloudgrid,cloudgrid
I would like to install the program pixelpanel,pixelpanel
I would like to install the program devwriter,devwriter
I would like to install the program formcore,formcore
I would like to install the program ultragrid,ultragrid
I would like to install the program datagrid,datagrid
I would like to install the program renderwriter,renderwriter
I would like to install the program quickcore,quickcore
I would like to install the program neonwriterx,neonwriterx
I would like to install the program taskmerge,taskmerge
I would like to install the program codegrid,codegrid
I would like to install the program syncmerge,syncmerge
I would like to install the program cloudwriterx,cloudwriterx
I would like to install the program pixelmerge,pixelmerge
I would like to install the program devpanel,devpanel
I would like to install the program formwriter,formwriter
I would like to install the program ultracalc,ultracalc
I would like to install the program datacalc,datacalc
I would like to install the program renderpanel,renderpanel
I would like to install the program quickpanelx,quickpanelx
I would like to install the program neoncalcx,neoncalcx
I would like to install the program taskcalc,taskcalc
I would like to install the program codecalc,codecalc
I would like to install the program synccalc,synccalc
I would like to install the program cloudcore,cloudcore
I would like to install the program pixelcalc,pixelcalc
I would like to install the program devcalc,devcalc
I would like to install the program formcalc,formcalc
I would like to install the program ultracore,ultracore
I would like to install the program datacorex,datacorex
I would like to install the program rendercore,rendercore
I would like to install the program quickcalc,quickcalc
I would like to install the program neoncorex,neoncorex
I would like to install the program taskcorex,taskcorex
I would like to install the program codecore,codecore
I would like to install the program synccore,synccore
