phrase,highlight
turn on the Indie Rock playlist,Indie Rock
let me put on All Out 80s,All Out 80s
get the Midnight playlist going,Midnight
I feel like listening to Chill Hits,Chill Hits
can you start Pop Punk,Pop Punk
can you put on Focus Flow,Focus Flow
go ahead and play Viva Latino,Viva Latino
can you start playing Film Scores,Film Scores
shuffle my Death Metal playlist,Death Metal
I'm in the mood for Heartbreak Hotel tonight,Heartbreak Hotel
get the Good Morning playlist playing,Good Morning
let me hear Love Songs,Love Songs
Baby Music is what I need,Baby Music
hey put on Reggae Classics,Reggae Classics
All Out 90s would hit the spot,All Out 90s
could you put on Friday Feeling for me,Friday Feeling
shuffle the Rainy Day playlist,Rainy Day
play Bluegrass for me,Bluegrass
could you play Stars,Stars
queue up the Cooking Music playlist,Cooking Music
play some RapCaviar,RapCaviar
throw on Mood Booster,Mood Booster
can you turn on New Music Friday,New Music Friday
can you put on Summer Pop,Summer Pop
go ahead and play Christmas Classics,Christmas Classics
Hot Country would hit the spot,Hot Country
could you turn on Romance,Romance
start playing the Yoga playlist,Yoga
I need the Classical Focus playlist,Classical Focus
I want to listen to the Soul Classics playlist,Soul Classics
go ahead and start Driving,Driving
Chill Hits is what I want,Chill Hits
can you turn on Date Night,Date Night
I need some Latin Pop,Latin Pop
I need some Pre-Party,Pre-Party
I'd love to hear Driving,Driving
start playing the Good Vibes playlist,Good Vibes
let's listen to Coding Mode,Coding Mode
I wanna hear Lo-fi Hip Hop,Lo-fi Hip Hop
Lofi Beats is what I want,Lofi Beats
get Chilled Out Rap going,Chilled Out Rap
play Blues Classics,Blues Classics
could you start playing Power Ballads please,Power Ballads
I need some Throwback Thursday,Throwback Thursday
hey can you put on Road Trip,Road Trip
turn on Techno Bunker,Techno Bunker
hey put on Lo-Fi Cafe,Lo-Fi Cafe
I need the Summer Pop playlist,Summer Pop
Today's Top Hits would be great,Today's Top Hits
switch the playlist to Dinner Jazz,Dinner Jazz
I'd love to listen to Soft Rock,Soft Rock
play Anger Management for me,Anger Management
queue up Disney Hits for me,Disney Hits
can you put on Driving,Driving
can you start Rise and Shine,Rise and Shine
let's put on Folk Essentials,Folk Essentials
I need some Lo-Fi Cafe,Lo-Fi Cafe
can you start Soft Rock,Soft Rock
play Gaming Music,Gaming Music
Kids Bop fits the mood,Kids Bop
start playing Life Sucks,Life Sucks
queue up the Office Vibes playlist,Office Vibes
go ahead and put on Songs to Sing in the Car,Songs to Sing in the Car
let me listen to Meditation,Meditation
get the Christmas Classics playlist going,Christmas Classics
I need the Yacht Rock playlist,Yacht Rock
Baby Music sounds good,Baby Music
I'm in the mood to listen to Lo-Fi Cafe,Lo-Fi Cafe
could you play Motown Classics,Motown Classics
can you turn on Reggae Classics,Reggae Classics
I'd love to listen to Rock Classics,Rock Classics
Cry Baby is what I want,Cry Baby
play Sad Hours,Sad Hours
I'd like to listen to Salsa,Salsa
I want Indie Rock on,Indie Rock
I'd love to hear Summer Hits,Summer Hits
I'd like to listen to the Study Break playlist,Study Break
I'm in the mood to listen to Dinner Party,Dinner Party
I'd love to hear Baby Music,Baby Music
I need some Baby Music,Baby Music
get the Indie Pop playlist playing,Indie Pop
play some Spa,Spa
I'd love to hear Date Night,Date Night
let me hear Pregame,Pregame
I'd like to listen to Instrumental Hits,Instrumental Hits
could you put on Wedding Songs for me,Wedding Songs
I'm in the mood for Classic Rock,Classic Rock
shuffle After Hours,After Hours
queue up the Heartbreak Hotel playlist,Heartbreak Hotel
can you play Rock Classics,Rock Classics
Sunday Morning is what I want,Sunday Morning
White Noise now,White Noise
let me hear Cleaning Playlist,Cleaning Playlist
queue the Cry Baby playlist for me,Cry Baby
hey throw on Hip-Hop Controller,Hip-Hop Controller
Lullabies would be perfect,Lullabies
I want to listen to the Power Hour playlist,Power Hour
I really want to listen to Indie Hits,Indie Hits
Acoustic Morning would hit the spot,Acoustic Morning
I'm in the mood to listen to Focus Flow,Focus Flow
Emo Forever is what I want,Emo Forever
I'd like to hear Weekend,Weekend
can you turn on Pre-Party,Pre-Party
get the Teen Party playlist going,Teen Party
I really want to listen to Hard Rock,Hard Rock
I want to hear Acoustic Morning,Acoustic Morning
After Hours please,After Hours
I wanna put on EDM Hits,EDM Hits
shuffle Death Metal for me,Death Metal
I'd like to hear Confidence Boost,Confidence Boost
Cozy now,Cozy
can you put on Chill Vibes please,Chill Vibes
I'd like to hear RapCaviar,RapCaviar
go ahead and play All Out 90s,All Out 90s
can you play Spa,Spa
Life Sucks now,Life Sucks
let's listen to Girls Night,Girls Night
After Hours would be perfect,After Hours
I'm in the mood to listen to Heartbreak Hotel,Heartbreak Hotel
throw Summer Party on,Summer Party
play the Good Morning playlist,Good Morning
let me listen to Peaceful Piano,Peaceful Piano
I really want to listen to Instrumental Hits,Instrumental Hits
throw on Metal Essentials,Metal Essentials
Date Night is what I want,Date Night
hey put on Dance Rising,Dance Rising
give me Chill Hits,Chill Hits
go ahead and start Productivity,Productivity
I'm in the mood for Classical Focus,Classical Focus
shuffle Good Morning,Good Morning
could you put on Winter Warmth for me,Winter Warmth
throw on Yoga,Yoga
I feel like hearing Workout,Workout
Meditation would hit the spot,Meditation
hey start Pre-Party,Pre-Party
find College Party and put it on,College Party
I need the Cleaning Playlist playlist,Cleaning Playlist
let me listen to Party Anthems,Party Anthems
put on Hot Country,Hot Country
start the Cleaning Playlist playlist,Cleaning Playlist
go ahead and play Baking Songs,Baking Songs
queue up Acoustic Morning for me,Acoustic Morning
let me hear Summer Hits,Summer Hits
put on Summer Pop,Summer Pop
I feel like hearing Empowerment,Empowerment
I'd like to listen to Workout,Workout
let me put on Party Anthems,Party Anthems
let's put on Running,Running
go ahead and play Beast Mode,Beast Mode
let's play Blues Classics,Blues Classics
switch to Good Morning,Good Morning
let's play Chilled Out Rap,Chilled Out Rap
Beast Mode is the vibe,Beast Mode
shuffle Rise and Shine for me,Rise and Shine
put on Kids Bop right now,Kids Bop
Karaoke Night is what I want,Karaoke Night
I need some All Out 2010s,All Out 2010s
let's play Rise and Shine,Rise and Shine
put on Dinner Party,Dinner Party
play the Road Trip playlist,Road Trip
can you put on Happy Hits please,Happy Hits
start playing Brain Food,Brain Food
Sad Hours fits the mood,Sad Hours
can you put on Hype please,Hype
let me hear EDM Hits,EDM Hits
shuffle Country Gold,Country Gold
get the Afternoon Drive playlist playing,Afternoon Drive
put on Feel Good Friday,Feel Good Friday
give me some Late Night Vibes,Late Night Vibes
could you start playing Pop Punk please,Pop Punk
let's put on Rock Classics,Rock Classics
can you start playing Baby Music,Baby Music
could you play Meditation,Meditation
All Out 80s sounds good,All Out 80s
I want Night Owl on,Night Owl
Techno Bunker is what I want,Techno Bunker
I'd like to hear Peaceful Piano,Peaceful Piano
I need some Soft Pop Hits,Soft Pop Hits
hey put on All Out 2000s,All Out 2000s
Gaming Music is what I need,Gaming Music
I'd love to hear Party Anthems,Party Anthems
Rainy Day please,Rainy Day
Soul Classics would hit the spot,Soul Classics
can you play Cleaning Playlist,Cleaning Playlist
I feel like hearing Today's Top Hits,Today's Top Hits
hey start Gym Anthems,Gym Anthems
can you play the Road Trip playlist,Road Trip
I wanna hear Dinner with Friends,Dinner with Friends
I'd love to listen to Focus Flow,Focus Flow
shuffle the Summer Party playlist,Summer Party
Summer Party is what I need,Summer Party
get the Wedding Songs playlist going,Wedding Songs
can you start playing After Party,After Party
throw Pop Rising on,Pop Rising
start Pregame for me,Pregame
start Salsa for me,Salsa
start the mint playlist,mint
put on Today's Top Hits,Today's Top Hits
find the Unplugged playlist and play it,Unplugged
get Blues Classics going,Blues Classics
switch the playlist to Afrobeats,Afrobeats
can you put on Tropical House please,Tropical House
shuffle my All Out 80s playlist,All Out 80s
EDM Hits would be perfect,EDM Hits
I wanna put on Film Scores,Film Scores
get College Party going,College Party
I want Productivity on,Productivity
go ahead and put on Coffee Table Jazz,Coffee Table Jazz
get the Nature Sounds playlist going,Nature Sounds
put on Jazz Vibes right now,Jazz Vibes
play Punk Classics,Punk Classics
start the Yoga playlist,Yoga
let me hear Work From Home,Work From Home
get the Empowerment playlist going,Empowerment
change to Sad Hours,Sad Hours
hey throw on Reggae Classics,Reggae Classics
I'd like to listen to the Chill Vibes playlist,Chill Vibes
I'd love to hear Baking Songs,Baking Songs
let me hear Afters,Afters
queue up the Salsa playlist,Salsa
I feel like hearing Dinner with Friends,Dinner with Friends
start playing Happy Hits,Happy Hits
I'm in the mood for Afrobeats tonight,Afrobeats
queue the Reggae Classics playlist for me,Reggae Classics
can you play the Dinner Jazz playlist,Dinner Jazz
Reggaeton sounds good,Reggaeton
can you play the Focus Flow playlist,Focus Flow
play All Out 90s,All Out 90s
put on the Girls Night playlist,Girls Night
can you play the Classical Focus playlist,Classical Focus
shuffle my Daily Mix 1 playlist,Daily Mix 1
I need the Punk Classics playlist,Punk Classics
queue the Work From Home playlist for me,Work From Home
start the Late Night Vibes playlist,Late Night Vibes
start Death Metal,Death Metal
I wanna hear Karaoke Night,Karaoke Night
hey can you play Indie Rock,Indie Rock
queue up Pop Punk for me,Pop Punk
I'm in the mood to listen to Acoustic Morning,Acoustic Morning
hey throw on Road Trip,Road Trip
get the Dinner with Friends playlist playing,Dinner with Friends
go ahead and start Study Break,Study Break
let me put on Bedroom Pop,Bedroom Pop
put on After Party please,After Party
mint sounds good,mint
start the Alternative R&B playlist,Alternative R&B
put on Morning Coffee please,Morning Coffee
put on Party Mix,Party Mix
could you put on Summer Pop for me,Summer Pop
put on Afternoon Drive right now,Afternoon Drive
I'd like to listen to the Motown Classics playlist,Motown Classics
start playing EDM Hits,EDM Hits
go ahead and start All Out 2010s,All Out 2010s
put on the Good Vibes playlist,Good Vibes
hey can you put on Reggaeton,Reggaeton
shuffle Night Owl,Night Owl
hey can you put on Dinner Jazz,Dinner Jazz
let's play Teen Party,Teen Party
I want to listen to Weekend,Weekend
go ahead and play Folk Essentials,Folk Essentials
play Summer Party for me,Summer Party
can you put on Deep Focus,Deep Focus
let me listen to Sleep,Sleep
get Love Songs going,Love Songs
turn on the Chilled Out Rap playlist,Chilled Out Rap
I wanna listen to Workout,Workout
change the playlist to mint,mint
I'd like to listen to the Throwback Thursday playlist,Throwback Thursday
could you play Hard Rock,Hard Rock
I feel like listening to Indie Hits,Indie Hits
Pre-Party is the vibe,Pre-Party
Stars sounds good,Stars
queue up the Sunday Morning playlist,Sunday Morning
give me some Blues Classics,Blues Classics
change to Life Sucks,Life Sucks
throw on All Out 90s,All Out 90s
I'm in the mood for Love Songs tonight,Love Songs
hey play House Classics,House Classics
get Folk Essentials going,Folk Essentials
I'd like to listen to the Alternative playlist,Alternative
start the Dinner Jazz playlist,Dinner Jazz
I'd love to listen to Holiday Hits,Holiday Hits
Life Sucks is what I need,Life Sucks
Stars fits the mood,Stars
let me listen to Cry Baby,Cry Baby
queue up Sleep for me,Sleep
I want to listen to the Cozy playlist,Cozy
can you start playing Today's Top Hits,Today's Top Hits
go ahead and start Spa,Spa
find Jazz Classics and put it on,Jazz Classics
I'd like to hear White Noise,White Noise
put on Lullabies please,Lullabies
I really want to listen to Lo-Fi Cafe,Lo-Fi Cafe
play some Gaming Music,Gaming Music
get Focus Flow going,Focus Flow
I really want to hear Rise and Shine,Rise and Shine
give me Hot Country,Hot Country
queue up Bluegrass for me,Bluegrass
go ahead and start Acoustic Hits,Acoustic Hits
I'd like to listen to Fireside,Fireside
can you start Cry Baby,Cry Baby
I wanna put on Emo Forever,Emo Forever
give me Rock Classics,Rock Classics
Tropical House fits the mood,Tropical House
get the Folk Essentials playlist playing,Folk Essentials
I wanna put on Rock Classics,Rock Classics
can you turn on Love Songs,Love Songs
I'd like to hear Power Hour,Power Hour
I wanna listen to Nature Sounds,Nature Sounds
change the playlist to Office Vibes,Office Vibes
can you start Soul Music,Soul Music
can you play Office Vibes,Office Vibes
Emo Forever is the vibe,Emo Forever
could you start playing Acoustic Hits please,Acoustic Hits
go ahead and start Morning Coffee,Morning Coffee
change to Baby Music,Baby Music
can you play Gym Anthems,Gym Anthems
can you put on Yacht Rock,Yacht Rock
get EDM Hits playing,EDM Hits
let's put on In the Zone,In the Zone
Christmas Classics would be perfect,Christmas Classics
start the Fireside playlist,Fireside
let me put on Sad Bops,Sad Bops
start playing the Winter Warmth playlist,Winter Warmth
change to Spa,Spa
hey start Mood Booster,Mood Booster
change to Pop Punk,Pop Punk
Chill Vibes now,Chill Vibes
queue the All Out 80s playlist for me,All Out 80s
start playing the Good Morning playlist,Good Morning
switch the playlist to Feelin' Good,Feelin' Good
can you turn on Rise and Shine,Rise and Shine
I'd like to hear Date Night,Date Night
I'm in the mood for Holiday Hits,Holiday Hits
get Midnight going,Midnight
go ahead and put on Rise and Shine,Rise and Shine
can you put on Pop Rising please,Pop Rising
put on Discover Weekly please,Discover Weekly
put on the Meditation playlist,Meditation
let me hear Feelin' Good,Feelin' Good
I feel like listening to Electronic Rising,Electronic Rising
can you put on College Party,College Party
Empowerment is what I need,Empowerment
I'd like to listen to the Bluegrass playlist,Bluegrass
I'd like to listen to Hard Rock,Hard Rock
I wanna hear R&B Hits,R&B Hits
I'd love to hear College Party,College Party
queue the Teen Party playlist for me,Teen Party
I really want to listen to Dance Rising,Dance Rising
find All Out 80s and play it,All Out 80s
let's play Dubstep,Dubstep
I feel like hearing Peaceful Piano,Peaceful Piano
can you put on After Party,After Party
I wanna listen to Metal Essentials,Metal Essentials
hey put on Deep Focus,Deep Focus
Daily Mix 1 is the vibe,Daily Mix 1
find Coding Mode and put it on,Coding Mode
hey put on Spa,Spa
Sad Hours is what I want,Sad Hours
Live Acoustic please,Live Acoustic
switch to Dubstep,Dubstep
get Bedroom Pop going,Bedroom Pop
Running is what I need,Running
Songs to Sing in the Car would hit the spot,Songs to Sing in the Car
I'd like to hear Hard Rock,Hard Rock
let's play Latin Pop,Latin Pop
can you start Meditation,Meditation
can you turn on Dance Rising,Dance Rising
give me some Winter Warmth,Winter Warmth
put on Easy Listening please,Easy Listening
shuffle Hot Country,Hot Country
House Classics please,House Classics
switch the playlist to Hot Country,Hot Country
hey start Alternative R&B,Alternative R&B
I'm in the mood to listen to Gaming Music,Gaming Music
Alternative R&B would be perfect,Alternative R&B
I feel like listening to Friday Feeling,Friday Feeling
I wanna listen to Karaoke Night,Karaoke Night
I'd like to hear Holiday Hits,Holiday Hits
play the Soft Rock playlist,Soft Rock
could you put on Viva Latino for me,Viva Latino
get the Work From Home playlist going,Work From Home
I need the Alternative playlist,Alternative
I'm in the mood to listen to Tropical House,Tropical House
shuffle the Stars playlist,Stars
I really want to hear Feelin' Good,Feelin' Good
queue up the K-Pop Hits playlist,K-Pop Hits
Wedding Songs would be great,Wedding Songs
queue up Party Mix for me,Party Mix
hey can you put on Techno Bunker,Techno Bunker
I feel like listening to Mood Booster,Mood Booster
get the Metal Essentials playlist going,Metal Essentials
let's put on Peaceful Piano,Peaceful Piano
find the Film Scores playlist and play it,Film Scores
turn on the In the Zone playlist,In the Zone
I'd like to hear Cooking Music,Cooking Music
hey throw on Karaoke Night,Karaoke Night
Fireside sounds good,Fireside
I wanna put on Cardio,Cardio
Feelin' Good would hit the spot,Feelin' Good
hey start All Out 2000s,All Out 2000s
I wanna listen to Life Sucks,Life Sucks
throw Friday Feeling on,Friday Feeling
I want to listen to Live Acoustic,Live Acoustic
I need the Soul Classics playlist,Soul Classics
can you play the Sunday Morning playlist,Sunday Morning
I'm in the mood to listen to Study Break,Study Break
go ahead and play Rainy Day,Rainy Day
Dance Rising would hit the spot,Dance Rising
start playing the Coding Mode playlist,Coding Mode
put on Brain Food please,Brain Food
could you turn on Girls Night,Girls Night
I'm in the mood for Coffee Table Jazz tonight,Coffee Table Jazz
turn on the Cardio playlist,Cardio
put on Live Acoustic,Live Acoustic
I wanna hear Power Ballads,Power Ballads
put on the Holiday Hits playlist,Holiday Hits
turn on Late Night Vibes,Late Night Vibes
I'm in the mood for Brain Food tonight,Brain Food
I want to listen to the Salsa playlist,Salsa
can you play the Summer Pop playlist,Summer Pop
Chill Vibes is what I need,Chill Vibes
give me Salsa,Salsa
shuffle the Soul Music playlist,Soul Music
Kids Bop would be great,Kids Bop
queue the Yacht Rock playlist for me,Yacht Rock
let's put on Punk Classics,Punk Classics
I need the Office Vibes playlist,Office Vibes
I wanna listen to Folk Essentials,Folk Essentials
I wanna listen to Confidence Boost,Confidence Boost
can you put on Afrobeats,Afrobeats
hey throw on Live Acoustic,Live Acoustic
I really want to hear Heartbreak Hotel,Heartbreak Hotel
start the Brain Food playlist,Brain Food
hey can you put on Songs to Sing in the Car,Songs to Sing in the Car
I'm in the mood for Winter Warmth tonight,Winter Warmth
I need some Hip-Hop Controller,Hip-Hop Controller
let me listen to Bedroom Pop,Bedroom Pop
put on RapCaviar,RapCaviar
queue up Pop Rising for me,Pop Rising
throw Viva Latino on,Viva Latino
hey play Viva Latino,Viva Latino
can you turn on Spa,Spa
turn on the Latin Pop playlist,Latin Pop
Afrobeats would be perfect,Afrobeats
I want to listen to Jazz Classics,Jazz Classics
I'd like to listen to Productivity,Productivity
shuffle the Confidence Boost playlist,Confidence Boost
change to Indie Rock,Indie Rock
find the Electronic Rising playlist and start it,Electronic Rising
play the Country Roads playlist,Country Roads
go ahead and start Discover Weekly,Discover Weekly
can you put on Today's Top Hits,Today's Top Hits
let's put on Soft Rock,Soft Rock
I want to listen to the Soft Pop Hits playlist,Soft Pop Hits
get Spa going,Spa
can you start Yacht Rock,Yacht Rock
hey throw on Winter Warmth,Winter Warmth
find the Dinner Party playlist and start it,Dinner Party
I'd love to listen to Jazz Vibes,Jazz Vibes
I feel like listening to Reggaeton,Reggaeton
Good Vibes sounds good,Good Vibes
can you start Dinner with Friends,Dinner with Friends
get Nature Sounds playing,Nature Sounds
Party Mix is the vibe,Party Mix
I feel like listening to Christmas Classics,Christmas Classics
I feel like hearing Classic Rock,Classic Rock
I feel like listening to House Classics,House Classics
Rainy Day now,Rainy Day
give me some Discover Weekly,Discover Weekly
queue the Hot Country playlist for me,Hot Country
find Jazz Vibes and put it on,Jazz Vibes
shuffle Girls Night for me,Girls Night
I'd like to listen to Party Anthems,Party Anthems
Baby Music fits the mood,Baby Music
hey can you play Road Trip,Road Trip
I want to listen to the Bluegrass playlist,Bluegrass
hey can you play Sleepy,Sleepy
start playing the Lo-Fi Cafe playlist,Lo-Fi Cafe
queue up the Hype playlist,Hype
hey put on Dubstep,Dubstep
I want Cooking Music on,Cooking Music
put on Alternative R&B right now,Alternative R&B
Beast Mode would hit the spot,Beast Mode
I'm in the mood to listen to After Party,After Party
queue up the Spa playlist,Spa
I need the College Party playlist,College Party
let's play Peaceful Piano,Peaceful Piano
I'd like to listen to the Cardio playlist,Cardio
find Coffee Table Jazz and put it on,Coffee Table Jazz
start Power Hour,Power Hour
find the Songs to Sing in the Car playlist and start it,Songs to Sing in the Car
I'd like to listen to Feel Good Friday,Feel Good Friday
I need the Throwback Thursday playlist,Throwback Thursday
can you start Morning Coffee,Morning Coffee
can you turn on Confidence Boost,Confidence Boost
let me hear Productivity,Productivity
queue up Summer Party,Summer Party
Nature Sounds sounds good,Nature Sounds
I need some Daily Mix 1,Daily Mix 1
hey can you put on Blues Classics,Blues Classics
can you start Lo-Fi Cafe,Lo-Fi Cafe
I wanna listen to Hard Rock,Hard Rock
play some Happy Hits,Happy Hits
start Beast Mode,Beast Mode
get the K-Pop Hits playlist going,K-Pop Hits
can you play Lullabies,Lullabies
put on Rise and Shine please,Rise and Shine
start playing Yacht Rock,Yacht Rock
switch to Study Break,Study Break
switch to Power Ballads,Power Ballads
I need some House Classics,House Classics
I'd like to listen to the Happy Hits playlist,Happy Hits
start playing Cleaning Playlist,Cleaning Playlist
change to Country Gold,Country Gold
Summer Hits is what I want,Summer Hits
Road Trip would be great,Road Trip
hey put on Lo-fi Hip Hop,Lo-fi Hip Hop
I want Metal Essentials on,Metal Essentials
put on Soft Pop Hits right now,Soft Pop Hits
I want to listen to the Happy Hits playlist,Happy Hits
I wanna put on Happy Hits,Happy Hits
I'd love to listen to Coding Mode,Coding Mode
start In the Zone,In the Zone
I'd love to listen to Alternative,Alternative
queue up Dinner Party for me,Dinner Party
Holiday Hits sounds good,Holiday Hits
After Hours now,After Hours
throw on Productivity,Productivity
play some Daily Mix 1,Daily Mix 1
let me listen to Friday Feeling,Friday Feeling
hey start Summer Hits,Summer Hits
put on Latin Pop right now,Latin Pop
find Heartbreak Hotel and put it on,Heartbreak Hotel
play the Lo-Fi Cafe playlist,Lo-Fi Cafe
play Motown Classics for me,Motown Classics
get the RapCaviar playlist going,RapCaviar
throw on Bluegrass,Bluegrass
Late Night Vibes is the vibe,Late Night Vibes
shuffle the House Classics playlist,House Classics
shuffle Sunday Morning,Sunday Morning
find Pop Rising and put it on,Pop Rising
Focus Flow is what I want,Focus Flow
Beast Mode would be perfect,Beast Mode
I want to listen to the Today's Top Hits playlist,Today's Top Hits
Anger Management is what I need,Anger Management
Power Ballads would be great,Power Ballads
queue up Driving for me,Driving
start the Soul Classics playlist,Soul Classics
I really want to hear Blues Classics,Blues Classics
I want to hear Latin Pop,Latin Pop
let me listen to Beach Vibes,Beach Vibes
start Rainy Day,Rainy Day
I'd love to hear R&B Hits,R&B Hits
put on Daily Mix 1 please,Daily Mix 1
throw on Good Morning,Good Morning
queue up K-Pop Hits for me,K-Pop Hits
go ahead and start Lullabies,Lullabies
give me Acoustic Morning,Acoustic Morning
hey put on Work From Home,Work From Home
throw on Indie Rock,Indie Rock
go ahead and play RapCaviar,RapCaviar
throw on Pop Rising,Pop Rising
change the playlist to Beast Mode,Beast Mode
Feel Good Friday is what I want,Feel Good Friday
play some Rainy Day,Rainy Day
queue up All Out 90s for me,All Out 90s
Pregame is the vibe,Pregame
get Soul Music playing,Soul Music
go ahead and play Cardio,Cardio
change the playlist to Baking Songs,Baking Songs
switch the playlist to Summer Pop,Summer Pop
find the Latin Pop playlist and start it,Latin Pop
could you turn on Fireside,Fireside
give me Emo Forever,Emo Forever
give me some Anger Management,Anger Management
queue up the Feel Good Friday playlist,Feel Good Friday
play the Sleepy playlist,Sleepy
shuffle Chill Vibes for me,Chill Vibes
I wanna put on Yoga,Yoga
switch to Holiday Hits,Holiday Hits
Today's Top Hits is the vibe,Today's Top Hits
I want to listen to the Kids Bop playlist,Kids Bop
I really want to hear Bluegrass,Bluegrass
I'd like to listen to Soul Music,Soul Music
let's play Lullabies,Lullabies
give me Classical Focus,Classical Focus
start Teen Party for me,Teen Party
can you play Productivity,Productivity
could you put on Morning Coffee for me,Morning Coffee
I want Anger Management on,Anger Management
let me put on Meditation,Meditation
go ahead and put on Cooking Music,Cooking Music
start Good Vibes,Good Vibes
hey can you put on Gaming Music,Gaming Music
change the playlist to Mood Booster,Mood Booster
let's play Brain Food,Brain Food
give me some Tropical House,Tropical House
I wanna hear Soft Rock,Soft Rock
start playing the New Music Friday playlist,New Music Friday
get Hip-Hop Controller going,Hip-Hop Controller
Anger Management would be great,Anger Management
Weekend is what I need,Weekend
I'd love to hear Jazz Vibes,Jazz Vibes
hey can you put on Country Gold,Country Gold
shuffle Date Night for me,Date Night
I'd like to listen to the Today's Top Hits playlist,Today's Top Hits
find the All Out 2000s playlist and start it,All Out 2000s
can you turn on All Out 90s,All Out 90s
could you turn on Daily Mix 1,Daily Mix 1
I'd like to listen to Late Night Vibes,Late Night Vibes
I wanna listen to Morning Coffee,Morning Coffee
I wanna hear Power Hour,Power Hour
I want to listen to Party Anthems,Party Anthems
start playing Good Vibes,Good Vibes
play some Good Vibes,Good Vibes
Heartbreak Hotel is what I want,Heartbreak Hotel
EDM Hits is what I need,EDM Hits
hey can you put on Office Vibes,Office Vibes
let's put on Hype,Hype
get the Salsa playlist playing,Salsa
shuffle the Dance Rising playlist,Dance Rising
start playing Soul Classics,Soul Classics
can you start playing Cardio,Cardio
I really want to hear Beach Vibes,Beach Vibes
hey throw on Yoga,Yoga
turn on the Cry Baby playlist,Cry Baby
go ahead and play Hip-Hop Controller,Hip-Hop Controller
go ahead and start Feelin' Good,Feelin' Good
I'm in the mood to listen to Rainy Day,Rainy Day
hey start Beast Mode,Beast Mode
I want to hear Sunday Morning,Sunday Morning
can you turn on Dinner Jazz,Dinner Jazz
I feel like hearing Afternoon Drive,Afternoon Drive
I'm in the mood to listen to Wedding Songs,Wedding Songs
let me listen to Rock Classics,Rock Classics
I'd like to listen to the House Classics playlist,House Classics
I'd love to hear Bedroom Pop,Bedroom Pop
I'd love to listen to Country Roads,Country Roads
can you play After Party,After Party
Study Break please,Study Break
I need the Cry Baby playlist,Cry Baby
find Meditation and put it on,Meditation
After Party would hit the spot,After Party
hey play Gaming Music,Gaming Music
turn on Gym Anthems,Gym Anthems
Acoustic Hits is the vibe,Acoustic Hits
switch the playlist to Lofi Beats,Lofi Beats
hey can you put on Emo Forever,Emo Forever
give me some Film Scores,Film Scores
can you put on Girls Night,Girls Night
queue up the Metal Essentials playlist,Metal Essentials
I really want to hear Summer Pop,Summer Pop
change the playlist to Easy Listening,Easy Listening
can you start Road Trip,Road Trip
let me put on Sleep,Sleep
find Kids Bop and play it,Kids Bop
go ahead and start Gym Anthems,Gym Anthems
hey throw on Running,Running
start playing Soul Music,Soul Music
I'd like to listen to Country Gold,Country Gold
put on All Out 2000s right now,All Out 2000s
Yoga would hit the spot,Yoga
I feel like listening to College Party,College Party
queue up the After Party playlist,After Party
go ahead and start Latin Pop,Latin Pop
shuffle Lofi Beats for me,Lofi Beats
hey start Pop Rising,Pop Rising
I need Friday Feeling right now,Friday Feeling
could you play Jazz Classics,Jazz Classics
can you put on Afrobeats please,Afrobeats
could you start playing College Party please,College Party
go ahead and start Rainy Day,Rainy Day
go ahead and put on Love Songs,Love Songs
I'd like to listen to Romance,Romance
I want Acoustic Hits on,Acoustic Hits
hey put on Cooking Music,Cooking Music
Lullabies sounds good,Lullabies
Bedroom Pop fits the mood,Bedroom Pop
turn on Songs to Sing in the Car,Songs to Sing in the Car
I need the Pregame playlist,Pregame
I need Rainy Day right now,Rainy Day
find the Sad Bops playlist and play it,Sad Bops
throw Reggaeton on,Reggaeton
turn on the Country Roads playlist,Country Roads
play Morning Coffee,Morning Coffee
get Indie Pop playing,Indie Pop
hey start After Hours,After Hours
shuffle Midnight for me,Midnight
could you turn on Soft Rock,Soft Rock
find RapCaviar and put it on,RapCaviar
hey can you put on Soul Music,Soul Music
can you play Coffee Table Jazz,Coffee Table Jazz
Fireside is what I need,Fireside
I feel like hearing Viva Latino,Viva Latino
get the Workout playlist going,Workout
shuffle the New Music Friday playlist,New Music Friday
Study Break would hit the spot,Study Break
I'm in the mood for Summer Party tonight,Summer Party
hey start Pop Punk,Pop Punk
I feel like listening to Pop Rising,Pop Rising
Jazz Classics would be great,Jazz Classics
I feel like hearing Party Mix,Party Mix
play the Summer Party playlist,Summer Party
let me listen to Cozy,Cozy
hey play Cooking Music,Cooking Music
get Electronic Rising playing,Electronic Rising
can you put on In the Zone please,In the Zone
get the Disney Hits playlist playing,Disney Hits
put on Anger Management right now,Anger Management
could you start playing Romance please,Romance
let's listen to EDM Hits,EDM Hits
get the Hot Country playlist going,Hot Country
could you put on Throwback Thursday for me,Throwback Thursday
go ahead and put on Emo Forever,Emo Forever
I wanna hear Discover Weekly,Discover Weekly
find EDM Hits and put it on,EDM Hits
can you play Baking Songs,Baking Songs
play some Soft Rock,Soft Rock
Date Night would be great,Date Night
let me listen to Romance,Romance
I'm in the mood for White Noise,White Noise
I want RapCaviar on,RapCaviar
shuffle Hype,Hype
I want R&B Hits on,R&B Hits
hey throw on Acoustic Hits,Acoustic Hits
start playing Confidence Boost,Confidence Boost
I'd love to listen to Girls Night,Girls Night
I wanna hear Heartbreak Hotel,Heartbreak Hotel
let's play Pre-Party,Pre-Party
get the Reggae Classics playlist playing,Reggae Classics
queue the Office Vibes playlist for me,Office Vibes
throw All Out 80s on,All Out 80s
hey throw on Instrumental Hits,Instrumental Hits
put on Yacht Rock right now,Yacht Rock
play Winter Warmth,Winter Warmth
start Anger Management for me,Anger Management
I wanna put on Techno Bunker,Techno Bunker
Disney Hits is what I need,Disney Hits
Holiday Hits fits the mood,Holiday Hits
give me some Bedroom Pop,Bedroom Pop
could you play Dubstep,Dubstep
I'd love to listen to Afters,Afters
Indie Pop fits the mood,Indie Pop
I need Feel Good Friday right now,Feel Good Friday
I'm in the mood for Afternoon Drive tonight,Afternoon Drive
I want to listen to the Weekend playlist,Weekend
I need Yacht Rock right now,Yacht Rock
I'd love to listen to R&B Hits,R&B Hits
could you put on Bedroom Pop for me,Bedroom Pop
I want Viva Latino on,Viva Latino
start playing White Noise,White Noise
I need the Film Scores playlist,Film Scores
I need the White Noise playlist,White Noise
Jazz Vibes fits the mood,Jazz Vibes
go ahead and put on Sad Hours,Sad Hours
shuffle my Instrumental Hits playlist,Instrumental Hits
I'd love to listen to Hip-Hop Controller,Hip-Hop Controller
hey put on In the Zone,In the Zone
I need the Folk Essentials playlist,Folk Essentials
hey start Acoustic Hits,Acoustic Hits
start the Chill Vibes playlist,Chill Vibes
put on K-Pop Hits right now,K-Pop Hits
could you play Classical Focus,Classical Focus
I feel like hearing House Classics,House Classics
put on Stars right now,Stars
can you start playing Alternative,Alternative
shuffle All Out 2000s,All Out 2000s
I'm in the mood to listen to Stars,Stars
start playing the Dinner Jazz playlist,Dinner Jazz
get the Gym Anthems playlist playing,Gym Anthems
I want to listen to Christmas Classics,Christmas Classics
could you play Feel Good Friday,Feel Good Friday
I'm in the mood for Kids Bop,Kids Bop
Focus Flow is what I need,Focus Flow
find Meditation and play it,Meditation
could you start playing Sleepy please,Sleepy
go ahead and put on Acoustic Morning,Acoustic Morning
give me Coffee Table Jazz,Coffee Table Jazz
Soul Music is what I need,Soul Music
find Techno Bunker and play it,Techno Bunker
Hype is what I want,Hype
get mint playing,mint
I want to hear Jazz Vibes,Jazz Vibes
I'd like to listen to the Anger Management playlist,Anger Management
play some Beach Vibes,Beach Vibes
I really want to hear Salsa,Salsa
throw on Power Ballads,Power Ballads
I want Coding Mode on,Coding Mode
Songs to Sing in the Car would be great,Songs to Sing in the Car
queue up Cardio for me,Cardio
hey throw on Songs to Sing in the Car,Songs to Sing in the Car
switch to Meditation,Meditation
I want Dance Rising on,Dance Rising
can you play the Today's Top Hits playlist,Today's Top Hits
get the Heartbreak Hotel playlist playing,Heartbreak Hotel
I feel like hearing Songs to Sing in the Car,Songs to Sing in the Car
hey put on Weekend,Weekend
let me listen to Death Metal,Death Metal
let me put on Hard Rock,Hard Rock
I'd like to listen to the All Out 90s playlist,All Out 90s
give me some Girls Night,Girls Night
put on Gym Anthems right now,Gym Anthems
start House Classics for me,House Classics
put on Rock Classics please,Rock Classics
Lo-Fi Cafe is what I want,Lo-Fi Cafe
I'd like to listen to the Live Acoustic playlist,Live Acoustic
find the Happy Hits playlist and start it,Happy Hits
hey can you put on Workout,Workout
I wanna listen to Feel Good Friday,Feel Good Friday
turn on the Sad Bops playlist,Sad Bops
get the Classical Focus playlist playing,Classical Focus
I'd like to listen to the Mood Booster playlist,Mood Booster
I want to listen to Hot Country,Hot Country
hey play Yacht Rock,Yacht Rock
find Romance and play it,Romance
Latin Pop now,Latin Pop
I want Fireside on,Fireside
K-Pop Hits is what I need,K-Pop Hits
I really want to listen to Sad Bops,Sad Bops
hey start Electronic Rising,Electronic Rising
shuffle my Beach Vibes playlist,Beach Vibes
change the playlist to Soul Music,Soul Music
throw Country Roads on,Country Roads
hey put on Coffee Table Jazz,Coffee Table Jazz
I really want to hear Live Acoustic,Live Acoustic
start playing Late Night Vibes,Late Night Vibes
put on the Disney Hits playlist,Disney Hits
Latin Pop sounds good,Latin Pop
I need Morning Coffee right now,Morning Coffee
hey start All Out 2010s,All Out 2010s
let's listen to Wedding Songs,Wedding Songs
I wanna listen to Lo-fi Hip Hop,Lo-fi Hip Hop
hey put on mint,mint
shuffle Mood Booster,Mood Booster
start playing Bedroom Pop,Bedroom Pop
I'd like to listen to the Running playlist,Running
I'd like to listen to the Stars playlist,Stars
find the Afrobeats playlist and play it,Afrobeats
get Alternative playing,Alternative
start the Stars playlist,Stars
I want Workout on,Workout
I feel like hearing Country Roads,Country Roads
I feel like listening to Power Hour,Power Hour
find the Acoustic Hits playlist and play it,Acoustic Hits
I need Sad Hours right now,Sad Hours
start playing Coding Mode,Coding Mode
give me some Empowerment,Empowerment
find Soft Pop Hits and play it,Soft Pop Hits
switch to Salsa,Salsa
give me some New Music Friday,New Music Friday
give me Discover Weekly,Discover Weekly
put on Midnight right now,Midnight
I wanna put on R&B Hits,R&B Hits
start Midnight,Midnight
I want to hear Confidence Boost,Confidence Boost
throw All Out 2000s on,All Out 2000s
queue the Chill Vibes playlist for me,Chill Vibes
get the Hip-Hop Controller playlist going,Hip-Hop Controller
can you play the Friday Feeling playlist,Friday Feeling
Dinner Party is what I need,Dinner Party
Morning Coffee would be great,Morning Coffee
put on Sunday Morning please,Sunday Morning
start playing the Holiday Hits playlist,Holiday Hits
shuffle my Brain Food playlist,Brain Food
put on Emo Forever,Emo Forever
I'm in the mood for Reggaeton,Reggaeton
could you turn on Feel Good Friday,Feel Good Friday
play Sleep,Sleep
hey can you put on Jazz Vibes,Jazz Vibes
I want to listen to the Emo Forever playlist,Emo Forever
hey can you play Electronic Rising,Electronic Rising
Electronic Rising please,Electronic Rising
change to Running,Running
Party Mix would be perfect,Party Mix
I'd like to hear Afters,Afters
shuffle Cozy,Cozy
queue up the Sleepy playlist,Sleepy
switch the playlist to Nature Sounds,Nature Sounds
get the Throwback Thursday playlist playing,Throwback Thursday
change the playlist to Girls Night,Girls Night
play some Viva Latino,Viva Latino
Classic Rock sounds good,Classic Rock
throw on Party Anthems,Party Anthems
I'd love to listen to Morning Coffee,Morning Coffee
get the Reggaeton playlist playing,Reggaeton
switch the playlist to Beach Vibes,Beach Vibes
queue up Feelin' Good for me,Feelin' Good
can you start playing Hard Rock,Hard Rock
change the playlist to Cardio,Cardio
I'd like to hear Instrumental Hits,Instrumental Hits
throw on Beach Vibes,Beach Vibes
I want Confidence Boost on,Confidence Boost
let's listen to Rock Classics,Rock Classics
throw Chill Hits on,Chill Hits
I want to listen to the Hot Country playlist,Hot Country
let's listen to Folk Essentials,Folk Essentials
I wanna hear Techno Bunker,Techno Bunker
queue up In the Zone,In the Zone
I'm in the mood to listen to Power Ballads,Power Ballads
queue up the Country Gold playlist,Country Gold
put on Chill Vibes please,Chill Vibes
I want to listen to the All Out 90s playlist,All Out 90s
I need some R&B Hits,R&B Hits
I wanna listen to Hype,Hype
start playing Metal Essentials,Metal Essentials
I'm in the mood for Gaming Music,Gaming Music
play some Easy Listening,Easy Listening
can you turn on Live Acoustic,Live Acoustic
switch the playlist to All Out 80s,All Out 80s
I wanna hear Teen Party,Teen Party
go ahead and start Classic Rock,Classic Rock
put on Driving right now,Driving
let me listen to Mood Booster,Mood Booster
play K-Pop Hits,K-Pop Hits
can you start playing All Out 2000s,All Out 2000s
throw Night Owl on,Night Owl
find Throwback Thursday and put it on,Throwback Thursday
give me Cozy,Cozy
I'd love to hear Discover Weekly,Discover Weekly
throw After Hours on,After Hours
Classic Rock would be great,Classic Rock
get the Hip-Hop Controller playlist playing,Hip-Hop Controller
can you play Running,Running
change the playlist to Lullabies,Lullabies
After Hours would be great,After Hours
let me listen to Dinner with Friends,Dinner with Friends
I'd like to hear Chilled Out Rap,Chilled Out Rap
go ahead and put on Life Sucks,Life Sucks
I'd love to listen to Lofi Beats,Lofi Beats
I'd like to hear Good Vibes,Good Vibes
throw Holiday Hits on,Holiday Hits
could you put on Late Night Vibes for me,Late Night Vibes
play Deep Focus,Deep Focus
find Deep Focus and put it on,Deep Focus
change the playlist to Night Owl,Night Owl
could you play Office Vibes,Office Vibes
let's play Life Sucks,Life Sucks
go ahead and play Alternative,Alternative
I wanna put on Country Roads,Country Roads
get the mint playlist playing,mint
throw Folk Essentials on,Folk Essentials
I need some Road Trip,Road Trip
can you put on Sad Bops,Sad Bops
get the Rise and Shine playlist playing,Rise and Shine
hey start Afrobeats,Afrobeats
I want to listen to Beach Vibes,Beach Vibes
play Blues Classics for me,Blues Classics
I really want to listen to Disney Hits,Disney Hits
I'd like to listen to Classic Rock,Classic Rock
I want to hear Fireside,Fireside
shuffle the Tropical House playlist,Tropical House
find Easy Listening and put it on,Easy Listening
put on the Lullabies playlist,Lullabies
can you start playing Soft Pop Hits,Soft Pop Hits
find the Lofi Beats playlist and start it,Lofi Beats
I want to listen to Sad Hours,Sad Hours
get Punk Classics playing,Punk Classics
put on the Friday Feeling playlist,Friday Feeling
I need the Feel Good Friday playlist,Feel Good Friday
give me some Cozy,Cozy
start Disney Hits for me,Disney Hits
I need the Midnight playlist,Midnight
let me listen to Lo-fi Hip Hop,Lo-fi Hip Hop
play the Salsa playlist,Salsa
I need some Unplugged,Unplugged
put on Techno Bunker,Techno Bunker
go ahead and play Jazz Vibes,Jazz Vibes
start playing the Pre-Party playlist,Pre-Party
I feel like hearing Morning Coffee,Morning Coffee
can you put on Life Sucks please,Life Sucks
I wanna listen to Party Mix,Party Mix
I feel like hearing R&B Hits,R&B Hits
hey put on R&B Hits,R&B Hits
I want to hear Classical Focus,Classical Focus
I need Cleaning Playlist right now,Cleaning Playlist
I'd like to hear Brain Food,Brain Food
Chill Hits would be great,Chill Hits
let me listen to Afters,Afters
I'd like to listen to the All Out 2000s playlist,All Out 2000s
find the Soft Pop Hits playlist and play it,Soft Pop Hits
I'm in the mood for Acoustic Morning,Acoustic Morning
Electronic Rising would hit the spot,Electronic Rising
hey throw on Friday Feeling,Friday Feeling
can you start Coding Mode,Coding Mode
I wanna listen to Unplugged,Unplugged
shuffle Acoustic Morning for me,Acoustic Morning
I'd love to hear Disney Hits,Disney Hits
throw Hot Country on,Hot Country
can you play the Girls Night playlist,Girls Night
play Soft Rock for me,Soft Rock
find the Workout playlist and play it,Workout
give me some Coffee Table Jazz,Coffee Table Jazz
get Yacht Rock going,Yacht Rock
give me Hip-Hop Controller,Hip-Hop Controller
shuffle Alternative,Alternative
get the Happy Hits playlist playing,Happy Hits
switch to Sad Hours,Sad Hours
Romance now,Romance
can you play the Dubstep playlist,Dubstep
let me hear Jazz Classics,Jazz Classics
hey can you put on Classic Rock,Classic Rock
start Cleaning Playlist for me,Cleaning Playlist
hey can you put on Driving,Driving
can you put on Christmas Classics,Christmas Classics
turn on Alternative R&B,Alternative R&B
can you put on K-Pop Hits,K-Pop Hits
start Bluegrass for me,Bluegrass
give me Kids Bop,Kids Bop
I'm in the mood for Chilled Out Rap,Chilled Out Rap
hey can you put on Sleepy,Sleepy
Cry Baby is the vibe,Cry Baby
play Acoustic Morning,Acoustic Morning
put on the After Party playlist,After Party
can you start playing Alternative R&B,Alternative R&B
find After Party and play it,After Party
let me put on Death Metal,Death Metal
shuffle Songs to Sing in the Car for me,Songs to Sing in the Car
play some Christmas Classics,Christmas Classics
throw on Country Gold,Country Gold
get the Winter Warmth playlist playing,Winter Warmth
Dinner with Friends would be great,Dinner with Friends
I feel like hearing In the Zone,In the Zone
could you put on Jazz Classics for me,Jazz Classics
give me some Chilled Out Rap,Chilled Out Rap
can you start Teen Party,Teen Party
play the Pregame playlist,Pregame
can you put on Pregame please,Pregame
hey play Cardio,Cardio
shuffle my Running playlist,Running
I wanna put on Classical Focus,Classical Focus
hey put on Holiday Hits,Holiday Hits
Unplugged would be great,Unplugged
get the Good Morning playlist going,Good Morning
I'm in the mood for Disney Hits,Disney Hits
Life Sucks is what I want,Life Sucks
I really want to listen to Life Sucks,Life Sucks
start playing the Workout playlist,Workout
I really want to listen to Baking Songs,Baking Songs
start New Music Friday,New Music Friday
let me hear Study Break,Study Break
I wanna put on Cooking Music,Cooking Music
I want to listen to the Good Vibes playlist,Good Vibes
go ahead and put on Sad Bops,Sad Bops
let me hear Baking Songs,Baking Songs
hey play Throwback Thursday,Throwback Thursday
can you put on Reggaeton please,Reggaeton
put on Motown Classics please,Motown Classics
I wanna listen to Spa,Spa
queue up Pre-Party,Pre-Party
hey put on Date Night,Date Night
hey throw on Summer Hits,Summer Hits
I'd like to listen to Motown Classics,Motown Classics
I'm in the mood for College Party tonight,College Party
switch the playlist to Night Owl,Night Owl
Brain Food is what I need,Brain Food
queue up Beach Vibes,Beach Vibes
could you play Baking Songs,Baking Songs
Motown Classics would hit the spot,Motown Classics
let me hear In the Zone,In the Zone
can you put on Soft Pop Hits,Soft Pop Hits
go ahead and put on Running,Running
can you play Peaceful Piano,Peaceful Piano
turn on the Indie Hits playlist,Indie Hits
start Sleepy for me,Sleepy
switch to Brain Food,Brain Food
hey can you play Midnight,Midnight
start Daily Mix 1 for me,Daily Mix 1
get the Soul Classics playlist going,Soul Classics
I wanna hear House Classics,House Classics
change to Indie Pop,Indie Pop
Dance Rising would be perfect,Dance Rising
Dinner Party would be perfect,Dinner Party
hey put on Indie Hits,Indie Hits
shuffle Gaming Music for me,Gaming Music
can you start Confidence Boost,Confidence Boost
I'm in the mood for Chilled Out Rap tonight,Chilled Out Rap
Work From Home is what I want,Work From Home
Romance fits the mood,Romance
shuffle the Chill Vibes playlist,Chill Vibes
I'm in the mood for Bluegrass tonight,Bluegrass
can you play Chilled Out Rap,Chilled Out Rap
can you put on All Out 2000s please,All Out 2000s
Wedding Songs is the vibe,Wedding Songs
go ahead and start Dinner Jazz,Dinner Jazz
could you put on Deep Focus for me,Deep Focus
I'd like to listen to White Noise,White Noise
start playing the Classic Rock playlist,Classic Rock
hey put on All Out 80s,All Out 80s
go ahead and play Wedding Songs,Wedding Songs
can you turn on Empowerment,Empowerment
I feel like hearing Productivity,Productivity
hey play Country Gold,Country Gold
could you turn on Deep Focus,Deep Focus
queue up Heartbreak Hotel for me,Heartbreak Hotel
go ahead and start Songs to Sing in the Car,Songs to Sing in the Car
hey throw on Cleaning Playlist,Cleaning Playlist
can you start Empowerment,Empowerment
I want to listen to the Christmas Classics playlist,Christmas Classics
I'm in the mood for Study Break,Study Break
let me put on Punk Classics,Punk Classics
let's put on Kids Bop,Kids Bop
can you play the Afters playlist,Afters
could you turn on Dubstep,Dubstep
let's play Productivity,Productivity
I want to listen to the Pre-Party playlist,Pre-Party
queue up the Running playlist,Running
hey play Easy Listening,Easy Listening
hey start Metal Essentials,Metal Essentials
throw Instrumental Hits on,Instrumental Hits
I wanna hear After Hours,After Hours
Unplugged now,Unplugged
play the Focus Flow playlist,Focus Flow
hey put on Peaceful Piano,Peaceful Piano
I'd love to hear Sad Bops,Sad Bops
hey play Cozy,Cozy
can you start Reggaeton,Reggaeton
Dubstep would be great,Dubstep
hey can you play Lo-fi Hip Hop,Lo-fi Hip Hop
I feel like hearing Summer Party,Summer Party
hey throw on Throwback Thursday,Throwback Thursday
Chill Hits would be perfect,Chill Hits
can you play Power Ballads,Power Ballads
turn on the Reggae Classics playlist,Reggae Classics
Jazz Vibes would be great,Jazz Vibes
start playing the All Out 80s playlist,All Out 80s
Peaceful Piano would be great,Peaceful Piano
I'm in the mood for Road Trip,Road Trip
let's play Alternative,Alternative
get Cardio playing,Cardio
get Coding Mode playing,Coding Mode
can you play Fireside,Fireside
shuffle my Stars playlist,Stars
I'd like to listen to Lofi Beats,Lofi Beats
I need some Punk Classics,Punk Classics
put on Reggaeton,Reggaeton
Alternative R&B is what I need,Alternative R&B
get Mood Booster playing,Mood Booster
can you play the Cardio playlist,Cardio
queue the Death Metal playlist for me,Death Metal
start Hype,Hype
let's listen to Party Mix,Party Mix
let's play Easy Listening,Easy Listening
find Film Scores and put it on,Film Scores
let me listen to R&B Hits,R&B Hits
let's listen to Lo-fi Hip Hop,Lo-fi Hip Hop
put on Sad Bops please,Sad Bops
shuffle the Summer Hits playlist,Summer Hits
can you play the Tropical House playlist,Tropical House
start the Romance playlist,Romance
queue the Cozy playlist for me,Cozy
put on Tropical House please,Tropical House
can you play the Rock Classics playlist,Rock Classics
could you play Afrobeats,Afrobeats
I feel like hearing Film Scores,Film Scores
play the Date Night playlist,Date Night
go ahead and start Reggaeton,Reggaeton
can you play the Karaoke Night playlist,Karaoke Night
could you play Soft Pop Hits,Soft Pop Hits
queue the R&B Hits playlist for me,R&B Hits
let's listen to Karaoke Night,Karaoke Night
give me Jazz Classics,Jazz Classics
could you put on Study Break for me,Study Break
give me some Country Roads,Country Roads
start playing Party Mix,Party Mix
put on Alternative R&B,Alternative R&B
I need Today's Top Hits right now,Today's Top Hits
Anger Management would be perfect,Anger Management
put on Live Acoustic please,Live Acoustic
I'd like to listen to Sleepy,Sleepy
find the Party Mix playlist and play it,Party Mix
play Daily Mix 1 for me,Daily Mix 1
play Viva Latino,Viva Latino
hey start K-Pop Hits,K-Pop Hits
could you start playing New Music Friday please,New Music Friday
queue up the Instrumental Hits playlist,Instrumental Hits
queue up Alternative for me,Alternative
shuffle my Road Trip playlist,Road Trip
start playing Dinner with Friends,Dinner with Friends
turn on the Weekend playlist,Weekend
Mood Booster would be great,Mood Booster
can you start Workout,Workout
I need some All Out 90s,All Out 90s
turn on Romance,Romance
Live Acoustic is the vibe,Live Acoustic
hey throw on Yacht Rock,Yacht Rock
I need some Hype,Hype
Easy Listening please,Easy Listening
could you put on Salsa for me,Salsa
I'd love to listen to Sleep,Sleep
can you play the Easy Listening playlist,Easy Listening
I'd like to listen to After Party,After Party
I wanna listen to Anger Management,Anger Management
go ahead and put on Deep Focus,Deep Focus
I need RapCaviar right now,RapCaviar
could you turn on Chilled Out Rap,Chilled Out Rap
let's put on Love Songs,Love Songs
start playing the Gym Anthems playlist,Gym Anthems
find the Cozy playlist and start it,Cozy
get the Confidence Boost playlist playing,Confidence Boost
let me hear Peaceful Piano,Peaceful Piano
start playing the Wedding Songs playlist,Wedding Songs
get Work From Home playing,Work From Home
play Death Metal for me,Death Metal
could you start playing Hip-Hop Controller please,Hip-Hop Controller
find the Classic Rock playlist and start it,Classic Rock
I'm in the mood for mint tonight,mint
go ahead and put on Cleaning Playlist,Cleaning Playlist
throw Summer Hits on,Summer Hits
hey put on Dinner Party,Dinner Party
Tropical House sounds good,Tropical House
let's listen to Weekend,Weekend
I want Summer Hits on,Summer Hits
I'm in the mood for New Music Friday,New Music Friday
hey can you put on Dubstep,Dubstep
start playing Power Hour,Power Hour
let's put on Techno Bunker,Techno Bunker
let me listen to mint,mint
I need the Work From Home playlist,Work From Home
can you start Afternoon Drive,Afternoon Drive
I'd like to listen to the Sunday Morning playlist,Sunday Morning
shuffle Dinner with Friends for me,Dinner with Friends
can you put on Indie Hits please,Indie Hits
start Sleep,Sleep
I'd like to hear Daily Mix 1,Daily Mix 1
play the Afternoon Drive playlist,Afternoon Drive
Cry Baby please,Cry Baby
find Midnight and put it on,Midnight
can you play the Jazz Classics playlist,Jazz Classics
queue up the Love Songs playlist,Love Songs
turn on the Running playlist,Running
I feel like listening to Daily Mix 1,Daily Mix 1
can you start playing Work From Home,Work From Home
I wanna put on College Party,College Party
can you start Summer Hits,Summer Hits
I'd love to listen to Fireside,Fireside
I really want to listen to Power Hour,Power Hour
give me Sad Bops,Sad Bops
I'd like to listen to the Gym Anthems playlist,Gym Anthems
start White Noise for me,White Noise
switch the playlist to Classical Focus,Classical Focus
start Late Night Vibes,Late Night Vibes
find the Country Roads playlist and start it,Country Roads
find Disney Hits and play it,Disney Hits
go ahead and start New Music Friday,New Music Friday
Beach Vibes is the vibe,Beach Vibes
I need Acoustic Hits right now,Acoustic Hits
I'd love to listen to Pregame,Pregame
turn on Indie Rock,Indie Rock
could you play Gaming Music,Gaming Music
put on Motown Classics,Motown Classics
throw Work From Home on,Work From Home
Afters would be great,Afters
shuffle All Out 2010s,All Out 2010s
queue up Weekend for me,Weekend
find the K-Pop Hits playlist and play it,K-Pop Hits
I want to listen to the Friday Feeling playlist,Friday Feeling
start playing After Hours,After Hours
Unplugged is what I need,Unplugged
start Love Songs,Love Songs
play some Indie Rock,Indie Rock
put on Weekend,Weekend
let's listen to Soul Classics,Soul Classics
let me listen to Techno Bunker,Techno Bunker
could you start playing Chill Hits please,Chill Hits
shuffle Lullabies for me,Lullabies
queue up Late Night Vibes for me,Late Night Vibes
shuffle the Coding Mode playlist,Coding Mode
find the Late Night Vibes playlist and play it,Late Night Vibes
hey can you put on Night Owl,Night Owl
shuffle my Summer Party playlist,Summer Party
let me listen to Nature Sounds,Nature Sounds
can you play Beast Mode,Beast Mode
In the Zone would be perfect,In the Zone
hey can you play Death Metal,Death Metal
queue up Pregame,Pregame
can you play the Party Anthems playlist,Party Anthems
find Latin Pop and play it,Latin Pop
hey put on Pregame,Pregame
I want Hip-Hop Controller on,Hip-Hop Controller
turn on the All Out 80s playlist,All Out 80s
Indie Pop would be perfect,Indie Pop
turn on the Night Owl playlist,Night Owl
put on Soft Rock,Soft Rock
Baking Songs is what I want,Baking Songs
get the Focus Flow playlist playing,Focus Flow
hey play Winter Warmth,Winter Warmth
get the Punk Classics playlist going,Punk Classics
could you play Good Morning,Good Morning
change to Cooking Music,Cooking Music
can you put on Coffee Table Jazz,Coffee Table Jazz
play Soul Classics for me,Soul Classics
I wanna put on Viva Latino,Viva Latino
Cooking Music would hit the spot,Cooking Music
start the Discover Weekly playlist,Discover Weekly
Country Gold would be perfect,Country Gold
start Soul Music,Soul Music
could you put on Karaoke Night for me,Karaoke Night
queue up the Beast Mode playlist,Beast Mode
switch to Metal Essentials,Metal Essentials
give me Summer Pop,Summer Pop
play some Confidence Boost,Confidence Boost
give me some All Out 2010s,All Out 2010s
Dinner Jazz fits the mood,Dinner Jazz
queue up Yoga,Yoga
play Empowerment,Empowerment
go ahead and play EDM Hits,EDM Hits
get Pregame playing,Pregame
get Pop Punk playing,Pop Punk
Gym Anthems would hit the spot,Gym Anthems
Meditation is what I need,Meditation
change to Deep Focus,Deep Focus
Office Vibes would hit the spot,Office Vibes
hey put on Sleep,Sleep
White Noise fits the mood,White Noise
shuffle my Sad Bops playlist,Sad Bops
I'm in the mood for Unplugged,Unplugged
I'd like to listen to the Tropical House playlist,Tropical House
hey can you play Reggae Classics,Reggae Classics
start the Soul Music playlist,Soul Music
queue the Metal Essentials playlist for me,Metal Essentials
start Soft Pop Hits for me,Soft Pop Hits
throw Death Metal on,Death Metal
hey put on Party Anthems,Party Anthems
go ahead and play Dinner Party,Dinner Party
I really want to listen to Nature Sounds,Nature Sounds
I'm in the mood to listen to Punk Classics,Punk Classics
hey start House Classics,House Classics
throw Tropical House on,Tropical House
Acoustic Hits is what I need,Acoustic Hits
can you put on Summer Hits,Summer Hits
put on Soul Classics right now,Soul Classics
I really want to listen to Midnight,Midnight
put on Power Ballads please,Power Ballads
start Karaoke Night for me,Karaoke Night
put on the Productivity playlist,Productivity
I need the Indie Hits playlist,Indie Hits
change to Indie Hits,Indie Hits
go ahead and put on Girls Night,Girls Night
I want to hear Chill Hits,Chill Hits
I really want to listen to Lofi Beats,Lofi Beats
Baby Music is the vibe,Baby Music
I'm in the mood to listen to Pop Rising,Pop Rising
Jazz Classics sounds good,Jazz Classics
I feel like listening to Emo Forever,Emo Forever
throw on Feelin' Good,Feelin' Good
get Afternoon Drive playing,Afternoon Drive
shuffle Alternative for me,Alternative
I'm in the mood for Sleep,Sleep
I need the New Music Friday playlist,New Music Friday
I really want to hear Rainy Day,Rainy Day
go ahead and put on White Noise,White Noise
switch the playlist to Classic Rock,Classic Rock
get the Study Break playlist going,Study Break
I really want to hear Lullabies,Lullabies
get Lo-fi Hip Hop playing,Lo-fi Hip Hop
switch to Afternoon Drive,Afternoon Drive
Chill Hits fits the mood,Chill Hits
find Afrobeats and play it,Afrobeats
I need the Instrumental Hits playlist,Instrumental Hits
start playing Driving,Driving
start playing the Beach Vibes playlist,Beach Vibes
get the Pop Rising playlist going,Pop Rising
Yoga now,Yoga
shuffle the Love Songs playlist,Love Songs
I wanna hear Blues Classics,Blues Classics
turn on the Baby Music playlist,Baby Music
I feel like listening to Indie Pop,Indie Pop
start Unplugged for me,Unplugged
I want to listen to Motown Classics,Motown Classics
queue up Dance Rising,Dance Rising
could you put on Peaceful Piano for me,Peaceful Piano
put on Afternoon Drive please,Afternoon Drive
hey can you play Driving,Driving
Office Vibes please,Office Vibes
play the Indie Pop playlist,Indie Pop
can you start Hype,Hype
play some Hype,Hype
find Dance Rising and play it,Dance Rising
could you play Yoga,Yoga
get the Acoustic Morning playlist playing,Acoustic Morning
could you turn on All Out 2000s,All Out 2000s
I'm in the mood to listen to Party Anthems,Party Anthems
I want to listen to the Easy Listening playlist,Easy Listening
can you put on Cozy please,Cozy
Soft Pop Hits sounds good,Soft Pop Hits
get Indie Rock playing,Indie Rock
go ahead and play Sleep,Sleep
I'd love to listen to Throwback Thursday,Throwback Thursday
go ahead and start Wedding Songs,Wedding Songs
I feel like listening to Hard Rock,Hard Rock
I'm in the mood for Date Night,Date Night
let's put on Summer Party,Summer Party
queue up Baking Songs for me,Baking Songs
queue the Film Scores playlist for me,Film Scores
I want to listen to the After Hours playlist,After Hours
I'm in the mood to listen to Chilled Out Rap,Chilled Out Rap
put on Instrumental Hits please,Instrumental Hits
start playing Film Scores,Film Scores
start playing the Stars playlist,Stars
Christmas Classics is what I need,Christmas Classics
play some Wedding Songs,Wedding Songs
Lo-Fi Cafe would be perfect,Lo-Fi Cafe
can you put on Indie Pop,Indie Pop
I'm in the mood for Teen Party tonight,Teen Party
Night Owl is what I need,Night Owl
White Noise sounds good,White Noise
I want to hear Lofi Beats,Lofi Beats
I feel like listening to Classical Focus,Classical Focus
get Sad Hours playing,Sad Hours
I want Sleepy on,Sleepy
change the playlist to Feelin' Good,Feelin' Good
I really want to hear Weekend,Weekend
could you start playing Sleep please,Sleep
Baby Music now,Baby Music
play some Pop Punk,Pop Punk
Pop Punk now,Pop Punk
can you start playing Focus Flow,Focus Flow
go ahead and put on Discover Weekly,Discover Weekly
Dinner with Friends now,Dinner with Friends
find the Easy Listening playlist and play it,Easy Listening
switch the playlist to Dinner with Friends,Dinner with Friends
I need Discover Weekly right now,Discover Weekly
I need some Indie Pop,Indie Pop
give me some Chill Vibes,Chill Vibes
I want to hear Death Metal,Death Metal
Sunday Morning fits the mood,Sunday Morning
throw Coffee Table Jazz on,Coffee Table Jazz
I really want to listen to All Out 2010s,All Out 2010s
queue the Dubstep playlist for me,Dubstep
I'm in the mood for Deep Focus tonight,Deep Focus
queue up the Karaoke Night playlist,Karaoke Night
get Coffee Table Jazz going,Coffee Table Jazz
play the Spa playlist,Spa
I really want to hear Indie Hits,Indie Hits
get Party Mix playing,Party Mix
Feelin' Good is what I want,Feelin' Good
I'd like to hear Indie Hits,Indie Hits
get the Blues Classics playlist going,Blues Classics
hey throw on Soul Classics,Soul Classics
let me put on Work From Home,Work From Home
turn on Driving,Driving
start Dinner Party,Dinner Party
shuffle the Lofi Beats playlist,Lofi Beats
start the Hard Rock playlist,Hard Rock
start Rock Classics for me,Rock Classics
play some Electronic Rising,Electronic Rising
Cleaning Playlist fits the mood,Cleaning Playlist
can you put on Empowerment,Empowerment
shuffle Country Roads,Country Roads
I need the Kids Bop playlist,Kids Bop
go ahead and put on Electronic Rising,Electronic Rising
get the Lo-fi Hip Hop playlist playing,Lo-fi Hip Hop
shuffle Bluegrass for me,Bluegrass
turn on the Lo-fi Hip Hop playlist,Lo-fi Hip Hop
go ahead and play Throwback Thursday,Throwback Thursday
I wanna put on Indie Pop,Indie Pop
I wanna put on Driving,Driving
could you play Viva Latino,Viva Latino
I'd love to hear Indie Hits,Indie Hits
start playing the Chill Hits playlist,Chill Hits
go ahead and put on Dubstep,Dubstep
hey start Bedroom Pop,Bedroom Pop
go ahead and play Alternative R&B,Alternative R&B
shuffle Pre-Party,Pre-Party
I'd like to listen to the Reggae Classics playlist,Reggae Classics
I really want to hear New Music Friday,New Music Friday
I'd like to listen to the Friday Feeling playlist,Friday Feeling
get the In the Zone playlist going,In the Zone
I wanna hear K-Pop Hits,K-Pop Hits
shuffle Summer Pop for me,Summer Pop
put on Beast Mode right now,Beast Mode
queue up Lofi Beats,Lofi Beats
hey throw on Folk Essentials,Folk Essentials
could you play Christmas Classics,Christmas Classics
I'd like to listen to Soft Rock,Soft Rock
Workout is what I want,Workout
could you play Metal Essentials,Metal Essentials
I want to listen to the Live Acoustic playlist,Live Acoustic
find the Sad Hours playlist and start it,Sad Hours
I feel like hearing Gym Anthems,Gym Anthems
go ahead and play Good Morning,Good Morning
can you play the All Out 90s playlist,All Out 90s
start Jazz Vibes for me,Jazz Vibes
put on the RapCaviar playlist,RapCaviar
switch the playlist to Dance Rising,Dance Rising
hey can you put on Nature Sounds,Nature Sounds
play the EDM Hits playlist,EDM Hits
let's put on Sunday Morning,Sunday Morning
could you put on Mood Booster for me,Mood Booster
All Out 2010s is what I want,All Out 2010s
change to Pre-Party,Pre-Party
throw on Karaoke Night,Karaoke Night
throw on Winter Warmth,Winter Warmth
I'd love to listen to Yoga,Yoga
put on Afters,Afters
hey throw on Afters,Afters
start the Unplugged playlist,Unplugged
play Happy Hits for me,Happy Hits
let me hear Folk Essentials,Folk Essentials
let me put on Emo Forever,Emo Forever
play Good Vibes,Good Vibes
put on Discover Weekly,Discover Weekly
let me hear Rise and Shine,Rise and Shine
get the Cooking Music playlist playing,Cooking Music
I want Techno Bunker on,Techno Bunker
I need Indie Rock right now,Indie Rock
go ahead and start Power Ballads,Power Ballads
queue up the Winter Warmth playlist,Winter Warmth
switch the playlist to Country Gold,Country Gold
hey can you play College Party,College Party
I feel like hearing Indie Rock,Indie Rock
